{
  "t-44_rsi_m60": 0.014124542474746704,
  "t-0_cvd_m60": 0.010629958473145962,
  "t-32_obv_m60": 0.009461683221161366,
  "t-41_stoch_d_m5": 0.008260373957455158,
  "t-25_bb_pos_m15": 0.007922563701868057,
  "t-30_cvd_m60": 0.007905255071818829,
  "t-9_cvd_m15": 0.007603667210787535,
  "t-5_bb_pos_m5": 0.007391950115561485,
  "t-2_stoch_k_m5": 0.007224399596452713,
  "t-45_obv_m60": 0.007160024717450142,
  "t-42_stoch_d_m5": 0.007017856929451227,
  "t-12_rsi_m60": 0.006794044282287359,
  "t-35_rsi_m60": 0.0052145239897072315,
  "t-12_atr_norm_m5": 0.005108939483761787,
  "t-34_rsi_m15": 0.005077690817415714,
  "t-7_rsi_m5": 0.004972334485501051,
  "t-4_volume_m15_norm": 0.00455186702311039,
  "t-43_stoch_d_m5": 0.0044556790962815285,
  "t-13_obv_m60": 0.004264914896339178,
  "t-47_dist_sma_20_m15": 0.004222904331982136,
  "t-4_stoch_k_m5": 0.00417009461671114,
  "t-36_dist_sma_200": 0.004100474528968334,
  "t-0_obv_m15": 0.003845131490379572,
  "t-37_cvd_m5": 0.0038306035567075014,
  "t-14_macd_hist_m5": 0.0037980552297085524,
  "t-4_dist_sma_20_m5": 0.0037230190355330706,
  "t-27_cvd_m60": 0.003623262047767639,
  "t-8_dist_sma_20_m15": 0.0036093569360673428,
  "t-12_dist_sma_20_m15": 0.0036087657790631056,
  "t-22_bb_pos_m60": 0.003535946598276496
}