{
  "t-0_bb_pos_m60": 0.004935963544994593,
  "t-9_bb_pos_m60": 0.003947933204472065,
  "t-10_bb_pos_m60": 0.0037681267131119967,
  "t-7_bb_pos_m60": 0.0036657764576375484,
  "t-0_dist_sma_200": 0.0035885663237422705,
  "t-1_bb_pos_m60": 0.0033531344961375,
  "t-8_bb_pos_m60": 0.0031496162991970778,
  "t-11_bb_pos_m60": 0.0029843992087990046,
  "t-9_rsi_m60": 0.0028378793504089117,
  "t-13_rsi_m60": 0.0027386045549064875,
  "t-8_rsi_m60": 0.0027259509079158306,
  "t-0_rsi_m60": 0.0026994734071195126,
  "t-15_bb_pos_m60": 0.0026259783189743757,
  "t-56_rsi_m60": 0.0025731336791068316,
  "t-45_rsi_m60": 0.0023153312504291534,
  "t-27_rsi_m60": 0.002297891303896904,
  "t-13_bb_pos_m60": 0.002292327582836151,
  "t-2_bb_pos_m15": 0.002257332904264331,
  "t-17_bb_pos_m60": 0.0022397851571440697,
  "t-28_bb_pos_m60": 0.0022248420864343643,
  "t-53_rsi_m60": 0.0022199477534741163,
  "t-1_dist_sma_200": 0.0022127844858914614,
  "t-6_bb_pos_m60": 0.0022078389301896095,
  "t-46_rsi_m60": 0.0021879554260522127,
  "t-2_bb_pos_m60": 0.002170569496229291,
  "t-51_dist_sma_200": 0.0021617980673909187,
  "t-54_rsi_m60": 0.002154607092961669,
  "t-14_bb_pos_m60": 0.0021167316008359194,
  "t-2_dist_sma_20_m15": 0.002107802079990506,
  "t-48_rsi_m60": 0.002037054393440485
}