{
  "t-0_rsi_m15": 0.025536270812153816,
  "t-1_bb_pos_m15": 0.008219932205975056,
  "t-0_dist_sma_20_m15": 0.007098632398992777,
  "t-2_bb_pos_m15": 0.006158050149679184,
  "t-1_dist_sma_20_m15": 0.005879069212824106,
  "t-0_bb_pos_m15": 0.0042134919203817844,
  "t-2_dist_sma_20_m15": 0.0038846367970108986,
  "t-1_dist_sma_20_m5": 0.002946294378489256,
  "t-2_rsi_m60": 0.0028386961203068495,
  "t-0_dist_sma_20_m5": 0.0028217050712555647,
  "t-2_bb_pos_m5": 0.0028089897241443396,
  "t-0_bb_pos_m5": 0.0027179731987416744,
  "t-1_bb_pos_m5": 0.002691200701519847,
  "t-6_bb_pos_m60": 0.0025340726133435965,
  "t-14_bb_pos_m60": 0.0024814503267407417,
  "t-12_bb_pos_m60": 0.0024755150079727173,
  "t-0_rsi_m5": 0.0024170977994799614,
  "t-12_rsi_m60": 0.0023770537227392197,
  "t-3_dist_sma_20_m15": 0.0023636226542294025,
  "t-9_bb_pos_m15": 0.0023414010647684336,
  "t-18_rsi_m60": 0.002322334097698331,
  "t-9_rsi_m60": 0.0022942807991057634,
  "t-8_bb_pos_m15": 0.002207235200330615,
  "t-28_bb_pos_m60": 0.0021925175096839666,
  "t-41_bb_pos_m60": 0.002146239159628749,
  "t-26_bb_pos_m60": 0.0021386765874922276,
  "t-0_dist_sma_20": 0.0020977994427084923,
  "t-7_bb_pos_m60": 0.0020916094072163105,
  "t-30_rsi_m15": 0.0020107696764171124,
  "t-2_dist_sma_20_m5": 0.0020040718372911215
}