{
  "t-10_rsi_m60": 0.006196440663188696,
  "t-10_bb_pos_m60": 0.004005150403827429,
  "t-9_bb_pos_m60": 0.003886143211275339,
  "t-8_bb_pos_m60": 0.0038651598151773214,
  "t-0_bb_pos_m60": 0.0029045126866549253,
  "t-11_bb_pos_m60": 0.002863907488062978,
  "t-1_bb_pos_m60": 0.0027810013853013515,
  "t-1_dist_sma_200": 0.0027067475020885468,
  "t-8_rsi_m60": 0.0025446556974202394,
  "t-7_bb_pos_m60": 0.0019240564433857799,
  "t-0_dist_sma_200_m5": 0.0018290587468072772,
  "t-2_cvd_m15": 0.0017899088561534882,
  "t-0_rsi_m60": 0.001784370862878859,
  "t-2_dist_sma_20_m15": 0.001713454257696867,
  "t-2_bb_pos_m60": 0.0016725475434213877,
  "t-44_dist_sma_200": 0.0015516729326918721,
  "t-12_bb_pos_m60": 0.0015497179701924324,
  "t-0_dist_sma_200": 0.0014104683650657535,
  "t-0_stoch_k_m5": 0.001366462092846632,
  "t-48_sma_200": 0.0012913268292322755,
  "t-20_bb_pos_m60": 0.0012785656144842505,
  "t-12_cvd_m60": 0.001266192994080484,
  "t-19_bb_pos_m60": 0.0012532490072771907,
  "t-2_bb_pos_m15": 0.0012163484934717417,
  "t-50_sma_200": 0.001204378088004887,
  "t-55_sma_200": 0.0012007039040327072,
  "t-11_cvd_m60": 0.0011538041289895773,
  "t-42_dist_sma_200": 0.0011529693147167563,
  "t-74_dist_sma_200_m5": 0.0011482547270134091,
  "t-23_sma_200": 0.0011478241067379713
}