{
  "t-4_rsi_m60": 0.0055292570032179356,
  "t-2_dist_sma_20_m5": 0.005183384288102388,
  "t-3_bb_pos_m15": 0.004888695664703846,
  "t-2_bb_pos_m15": 0.004868885036557913,
  "t-1_bb_pos_m15": 0.004479608032852411,
  "t-9_rsi_m15": 0.004240614362061024,
  "t-56_atr_14": 0.0041708615608513355,
  "t-15_bb_pos_m60": 0.0039819274097681046,
  "t-1_dist_sma_20_m15": 0.003887227037921548,
  "t-20_dist_sma_20_m5": 0.0038327337242662907,
  "t-2_dist_sma_20_m15": 0.003771192394196987,
  "t-10_bb_position": 0.003770127659663558,
  "t-25_rsi_14": 0.0037086764350533485,
  "t-4_dist_sma_20_m15": 0.0036391059402376413,
  "t-3_macd_hist_m5": 0.003442653687670827,
  "t-52_dist_sma_20_m15": 0.0032910562586039305,
  "t-6_dist_sma_20_m15": 0.0032412742730230093,
  "t-51_macd_hist_m5": 0.003226648783311248,
  "t-2_rsi_14": 0.003220741869881749,
  "t-18_bb_pos_m60": 0.003188408212736249,
  "t-56_bb_pos_m60": 0.003168322378769517,
  "t-24_dist_sma_20_m5": 0.003168309573084116,
  "t-5_bb_pos_m60": 0.003123959293588996,
  "t-31_bb_pos_m15": 0.0031191292218863964,
  "t-11_atr_14": 0.003114869585260749,
  "t-4_rsi_14": 0.003019521478563547,
  "t-4_dist_sma_20_m5": 0.0030066678300499916,
  "t-47_rsi_m5": 0.0029867608100175858,
  "t-8_dist_sma_20_m5": 0.002905233995988965,
  "t-6_rsi_14": 0.002898890757933259
}