{
  "t-0_bb_pos_m60": 0.005846725311130285,
  "t-0_dist_sma_200": 0.00556393014267087,
  "t-10_bb_pos_m60": 0.004474550485610962,
  "t-1_bb_pos_m60": 0.00395594909787178,
  "t-8_bb_pos_m60": 0.0038274922408163548,
  "t-9_bb_pos_m60": 0.003738322528079152,
  "t-11_bb_pos_m60": 0.0037005823105573654,
  "t-13_bb_pos_m60": 0.0036672246642410755,
  "t-12_bb_pos_m60": 0.0033056563697755337,
  "t-1_dist_sma_200": 0.0031636706553399563,
  "t-2_dist_sma_20_m15": 0.0031364774331450462,
  "t-7_bb_pos_m60": 0.002735141199082136,
  "t-14_bb_pos_m60": 0.0027135617565363646,
  "t-15_bb_pos_m60": 0.002672638511285186,
  "t-16_bb_pos_m60": 0.0026264989282935858,
  "t-0_rsi_m60": 0.0025584769900888205,
  "t-1_dist_sma_20_m15": 0.0024378260131925344,
  "t-0_dist_sma_20_m5": 0.0024336420465260744,
  "t-17_bb_pos_m60": 0.0023906398564577103,
  "t-2_bb_pos_m60": 0.002289398107677698,
  "t-2_bb_pos_m15": 0.002255651168525219,
  "t-19_bb_pos_m60": 0.0022167994175106287,
  "t-0_stoch_k_m5": 0.002185413148254156,
  "t-9_rsi_m60": 0.0021770617458969355,
  "t-22_bb_pos_m60": 0.00217235554009676,
  "t-18_bb_pos_m60": 0.002088317181915045,
  "t-8_rsi_m60": 0.002080984180793166,
  "t-57_rsi_m60": 0.002029871568083763,
  "t-50_rsi_m60": 0.0020273213740438223,
  "t-0_bb_pos_m5": 0.0019914729055017233
}