{
  "t-37_bb_pos_m15": 0.008178734220564365,
  "t-49_bb_pos_m60": 0.005848970729857683,
  "t-36_rsi_m60": 0.005075021646916866,
  "t-54_dist_sma_20_m5": 0.004942777566611767,
  "t-48_atr_norm_m5": 0.004641024861484766,
  "t-30_dist_sma_20_m15": 0.004548473283648491,
  "t-30_dist_sma_200": 0.004313800949603319,
  "t-11_bb_pos_m60": 0.0042956555262207985,
  "t-9_bb_pos_m60": 0.004266584757715464,
  "t-23_stoch_d_m5": 0.004237494431436062,
  "t-46_bb_pos_m60": 0.004053652752190828,
  "t-12_adx": 0.004006372764706612,
  "t-30_rsi_m5": 0.004003248643130064,
  "t-40_rsi_m15": 0.003964819014072418,
  "t-53_bb_pos_m60": 0.003917214460670948,
  "t-51_rsi_m60": 0.003876077476888895,
  "t-10_rsi_m60": 0.00387217802926898,
  "t-27_stoch_d_m5": 0.0038540337700396776,
  "t-30_bb_pos_m60": 0.003717800136655569,
  "t-55_ret_1_m5": 0.0036939482670277357,
  "t-0_rsi_m60": 0.0036690279375761747,
  "t-33_adx": 0.0036664558574557304,
  "t-26_rsi_m60": 0.003663362003862858,
  "t-37_bb_pos_m60": 0.0036209914833307266,
  "t-30_macd_hist_m5": 0.0035117848310619593,
  "t-42_macd_hist_m5": 0.003508170135319233,
  "t-54_bb_pos_m15": 0.0035061382222920656,
  "t-32_dist_sma_200": 0.0034590978175401688,
  "t-43_rsi_m15": 0.0034202374517917633,
  "t-38_dist_sma_20_m15": 0.0034117037430405617
}