{
  "t-2_bb_pos_m60": 0.004743303172290325,
  "t-24_bb_pos_m60": 0.0043680183589458466,
  "t-35_obv_m60": 0.004049020353704691,
  "t-5_bb_pos_m5": 0.0038384636864066124,
  "t-19_obv_m60": 0.003633305663242936,
  "t-69_obv_m60": 0.003604660276323557,
  "t-40_cvd_m60": 0.0032226969487965107,
  "t-4_cvd_m60": 0.0031837252900004387,
  "t-77_rsi_m60": 0.0031208491418510675,
  "t-77_cvd_m60": 0.0030157221481204033,
  "t-19_rsi_m60": 0.002948490437120199,
  "t-4_bb_pos_m60": 0.0029007894918322563,
  "t-72_rsi_m60": 0.0028932117857038975,
  "t-66_obv_m60": 0.0027167503722012043,
  "t-20_bb_pos_m60": 0.0026116406079381704,
  "t-23_rsi_m60": 0.0025410400703549385,
  "t-30_dist_sma_200_m15": 0.0025354609824717045,
  "t-3_cvd_m60": 0.0025249694008380175,
  "t-36_rsi_m60": 0.0025200697127729654,
  "t-21_obv_m60": 0.0025110330898314714,
  "t-52_bb_pos_m15": 0.0024602289777249098,
  "t-60_bb_pos_m60": 0.0024235867895185947,
  "t-1_macd_hist_m5": 0.002421099226921797,
  "t-1_stoch_d_m5": 0.0023034324403852224,
  "t-70_rsi_m60": 0.0022589440923184156,
  "t-20_rsi_m60": 0.0022550609428435564,
  "t-5_dist_sma_200": 0.002238660817965865,
  "t-21_rsi_m60": 0.0022302090656012297,
  "t-40_dist_sma_200": 0.0021984605118632317,
  "t-72_dist_sma_200_m15": 0.0021553304977715015
}