{
  "threshold": 0.7150000000000001,
  "win_rate": 0.8484848484848485,
  "window_size": 60,
  "n_features_per_candle": 15,
  "total_features": 900
}