{
  "t-37_obv_m60": 0.0057823266834020615,
  "t-40_cvd_m60": 0.005381403025239706,
  "t-16_obv_m60": 0.004557405132800341,
  "t-19_cvd_m60": 0.004254754167050123,
  "t-3_cvd_m60": 0.004018876701593399,
  "t-4_bb_pos_m60": 0.003990745171904564,
  "t-3_macd_hist_m5": 0.003988998010754585,
  "t-35_obv_m60": 0.003985478077083826,
  "t-57_obv_m60": 0.0039528170600533485,
  "t-40_cvd_m15": 0.003907490987330675,
  "t-36_obv_m60": 0.0038233227096498013,
  "t-5_bb_pos_m60": 0.003648950019851327,
  "t-18_bb_pos_m60": 0.003589298576116562,
  "t-34_bb_pos_m60": 0.0033256688620895147,
  "t-17_bb_pos_m60": 0.003237565280869603,
  "t-25_cvd_m60": 0.0032207882031798363,
  "t-22_obv_m60": 0.003171375719830394,
  "t-10_dist_sma_200": 0.003097811946645379,
  "t-0_cvd_m60": 0.0028910154942423105,
  "t-23_rsi_m60": 0.002837673295289278,
  "t-3_dist_sma_200_m15": 0.002702363533899188,
  "t-0_obv_m60": 0.002590330084785819,
  "t-18_cvd_m60": 0.002513404004275799,
  "t-30_rsi_m15": 0.0025093532167375088,
  "t-4_cvd_m60": 0.002509089419618249,
  "t-1_bb_pos_m60": 0.002492230851203203,
  "t-22_rsi_m60": 0.0024536866694688797,
  "t-30_cvd_m60": 0.002397553762421012,
  "t-46_obv_m60": 0.0023651320952922106,
  "t-3_bb_pos_m60": 0.002353847958147526
}