{
  "t-5_dist_sma_200_m5": 0.002145042410120368,
  "t-1_dist_sma_20_m15": 0.0021088954526931047,
  "t-8_rsi_m15": 0.0020273139234632254,
  "t-2_dist_sma_200_m5": 0.0019135128241032362,
  "t-2_cvd_m15": 0.0019006904913112521,
  "t-2_bb_pos_m15": 0.001880443305708468,
  "t-2_dist_sma_20_m15": 0.0018125647911801934,
  "t-0_bb_pos_m15": 0.0017986716702580452,
  "t-33_dist_sma_200": 0.0017627744236961007,
  "t-6_bb_pos_m15": 0.0017266868380829692,
  "t-1_bb_pos_m15": 0.0017165394965559244,
  "t-17_atr_m5_smooth": 0.001707505900412798,
  "t-78_cvd_m15": 0.001673832768574357,
  "t-2_dist_sma_200": 0.0016664232825860381,
  "t-2_rsi_m15": 0.0016462886705994606,
  "t-73_atr_m5": 0.001619451679289341,
  "t-18_atr_m5_native": 0.00161663384642452,
  "t-57_atr_m5_smooth": 0.001610846840776503,
  "t-3_bb_pos_m15": 0.001603849814273417,
  "t-4_dist_sma_20_m15": 0.0015828614123165607,
  "t-1_dist_sma_200_m5": 0.001578293857164681,
  "t-0_cvd_m5": 0.0015672354493290186,
  "t-74_cvd_m5": 0.0015566718066111207,
  "t-4_dist_sma_200_m5": 0.0015443403972312808,
  "t-75_dist_sma_20_m15": 0.001541568897664547,
  "t-5_dist_sma_20_m15": 0.001536226482130587,
  "t-20_obv_m5": 0.0015167687088251114,
  "t-2_dist_sma_200_m15": 0.001509023131802678,
  "t-0_dist_sma_200_m5": 0.0014948067255318165,
  "t-5_obv_m15": 0.0014913983177393675
}