{
  "t-20_bb_pos_m60": 0.007716897875070572,
  "t-21_bb_pos_m60": 0.005068955942988396,
  "t-4_cvd_m15": 0.0048515405505895615,
  "t-36_dist_sma_200": 0.004724689293652773,
  "t-16_bb_pos_m60": 0.004103572573512793,
  "t-4_bb_pos_m60": 0.00408373074606061,
  "t-3_bb_pos_m60": 0.0040007466450333595,
  "t-23_cvd_m60": 0.0038663577288389206,
  "t-5_bb_pos_m60": 0.003685360075905919,
  "t-5_cvd_m15": 0.0034478867892175913,
  "t-24_cvd_m60": 0.003310600994154811,
  "t-2_bb_pos_m60": 0.0031887670047581196,
  "t-10_dist_sma_200": 0.003161101369187236,
  "t-6_bb_pos_m60": 0.003087428165599704,
  "t-3_cvd_m15": 0.0029639839194715023,
  "t-22_cvd_m60": 0.002926081884652376,
  "t-19_bb_pos_m60": 0.0028606175910681486,
  "t-36_cvd_m5": 0.0026438231579959393,
  "t-23_obv_m60": 0.0026079865638166666,
  "t-1_bb_pos_m60": 0.0025684842839837074,
  "t-31_cvd_m60": 0.0023824225645512342,
  "t-7_bb_pos_m60": 0.002345682354643941,
  "t-0_cvd_m5": 0.0023251415695995092,
  "t-18_cvd_m60": 0.002306126058101654,
  "t-5_cvd_m60": 0.002303746296092868,
  "t-4_dist_sma_20_m15": 0.002257354324683547,
  "t-3_cvd_m60": 0.0022405849304050207,
  "t-24_bb_pos_m60": 0.0022091353312134743,
  "t-27_cvd_m60": 0.0021862671710550785,
  "t-4_bb_pos_m15": 0.0021850878838449717
}