{
  "t-4_bb_pos_m60": 0.008595091290771961,
  "t-0_bb_pos_m60": 0.0073586562648415565,
  "t-20_bb_pos_m60": 0.007020534016191959,
  "t-5_bb_pos_m60": 0.0068069580011069775,
  "t-21_bb_pos_m60": 0.005909619387239218,
  "t-1_bb_pos_m60": 0.005774748511612415,
  "t-4_bb_pos_m15": 0.005474083591252565,
  "t-0_bb_pos_m15": 0.004518288653343916,
  "t-2_bb_pos_m60": 0.004342211876064539,
  "t-22_bb_pos_m60": 0.0041356333531439304,
  "t-19_bb_pos_m60": 0.0038948063738644123,
  "t-4_dist_sma_20_m15": 0.0038047456182539463,
  "t-0_cvd_m5": 0.0036637759767472744,
  "t-6_bb_pos_m60": 0.003498428501188755,
  "t-3_bb_pos_m60": 0.0033500881399959326,
  "t-7_bb_pos_m60": 0.002965672640129924,
  "t-0_dist_sma_200": 0.0028876455035060644,
  "t-4_cvd_m15": 0.002881403313949704,
  "t-3_bb_pos_m15": 0.002703057136386633,
  "t-3_dist_sma_20_m15": 0.002499772235751152,
  "t-0_dist_sma_20_m15": 0.002293068217113614,
  "t-0_cvd_m15": 0.002237583277747035,
  "t-16_volume_m15_norm": 0.002222455805167556,
  "t-4_rsi_m15": 0.0021933612879365683,
  "t-28_bb_pos_m60": 0.002190341241657734,
  "t-9_bb_pos_m60": 0.002066565677523613,
  "t-0_bb_pos_m5": 0.002062296960502863,
  "t-8_bb_pos_m60": 0.002035480225458741,
  "t-3_rsi_m15": 0.001994275487959385,
  "t-5_dist_sma_20_m15": 0.0019516224274411798
}