{
  "threshold": 0.7550000000000001,
  "win_rate": 0.8506616257088847,
  "window_size": 100,
  "n_features_per_candle": 15,
  "total_features": 1500
}