{
  "t-2_bb_pos_m15": 0.003011233638972044,
  "t-1_bb_pos_m15": 0.002603102708235383,
  "t-2_cvd_m15": 0.0025002930779010057,
  "t-2_dist_sma_200_m15": 0.0024691771250218153,
  "t-2_dist_sma_20_m15": 0.0024335593916475773,
  "t-1_obv_m15": 0.0023803585208952427,
  "t-2_dist_sma_200": 0.0022943762596696615,
  "t-1_dist_sma_20_m15": 0.002217348199337721,
  "t-0_cvd_m5": 0.0019904067739844322,
  "t-2_rsi_m15": 0.0019568270072340965,
  "t-0_bb_pos_m15": 0.001947698649019003,
  "t-1_cvd_m15": 0.0019134697504341602,
  "t-1_rsi_m15": 0.0018794279312714934,
  "t-3_dist_sma_20_m15": 0.0018447681795805693,
  "t-5_dist_sma_200": 0.001778879202902317,
  "t-3_obv_m15": 0.0017366736428812146,
  "t-0_dist_sma_20_m5": 0.0017114683287218213,
  "t-31_dist_sma_200": 0.0017029499867931008,
  "t-1_dist_sma_200": 0.001676218002103269,
  "t-3_bb_pos_m15": 0.0015179874608293176,
  "t-2_obv_m15": 0.001488848589360714,
  "t-3_cvd_m15": 0.0014733547577634454,
  "t-11_dist_sma_200_m15": 0.0014660526067018509,
  "t-0_dist_sma_20_m15": 0.0014633103273808956,
  "t-9_atr_norm_m5_smooth": 0.0014561426360160112,
  "t-3_rsi_m15": 0.0014456926146522164,
  "t-37_dist_sma_200": 0.0014358946355059743,
  "t-13_dist_sma_20_m15": 0.0014220756711438298,
  "t-15_bb_pos_m5": 0.0014190049842000008,
  "t-4_dist_sma_20_m15": 0.001412189332768321
}