{
  "t-13_bb_pos_m60": 0.0060010189190506935,
  "t-36_rsi_m60": 0.005617809947580099,
  "t-77_rsi_m60": 0.004573110956698656,
  "t-46_dist_sma_200_m15": 0.004026156850159168,
  "t-2_bb_pos_m60": 0.003631535917520523,
  "t-22_rsi_m60": 0.003145964816212654,
  "t-42_rsi_m60": 0.0031240838579833508,
  "t-59_obv_m60": 0.0030737053602933884,
  "t-4_bb_pos_m60": 0.003029552986845374,
  "t-3_bb_pos_m60": 0.002896173857152462,
  "t-5_bb_pos_m60": 0.0028743629809468985,
  "t-47_rsi_m60": 0.0026528092566877604,
  "t-35_rsi_m15": 0.0026525447610765696,
  "t-56_dist_sma_20_m15": 0.0026471938472241163,
  "t-71_cvd_m60": 0.0026363094802945852,
  "t-54_obv_m60": 0.002627089386805892,
  "t-40_obv_m60": 0.0025996204931288958,
  "t-1_cvd_m60": 0.002543046837672591,
  "t-1_bb_pos_m60": 0.0024490151554346085,
  "t-29_obv_m60": 0.0023599881678819656,
  "t-2_cvd_m60": 0.0022382952738553286,
  "t-4_cvd_m60": 0.0022185437846928835,
  "t-54_dist_sma_200_m5": 0.0022180655505508184,
  "t-39_rsi_m60": 0.0021873870864510536,
  "t-1_obv_m60": 0.0021601400803774595,
  "t-72_obv_m60": 0.0021237891633063555,
  "t-57_cvd_m60": 0.0020809860434383154,
  "t-3_dist_sma_20_m15": 0.0020278957672417164,
  "t-28_obv_m60": 0.0020150954369455576,
  "t-20_cvd_m60": 0.0019965616520494223
}