{
  "t-1_bb_pos_m60": 0.004192547872662544,
  "t-10_bb_pos_m60": 0.004136368166655302,
  "t-9_bb_pos_m60": 0.003146693343296647,
  "t-11_bb_pos_m60": 0.0031411845702677965,
  "t-8_bb_pos_m60": 0.002939126919955015,
  "t-0_bb_pos_m60": 0.002688933629542589,
  "t-7_bb_pos_m60": 0.0024040727876126766,
  "t-10_rsi_m60": 0.0022490150295197964,
  "t-2_cvd_m15": 0.002055597957223654,
  "t-0_dist_sma_200": 0.0019505406962707639,
  "t-0_dist_sma_200_m5": 0.0018191216513514519,
  "t-2_dist_sma_20_m15": 0.0016516793984919786,
  "t-11_cvd_m60": 0.0016011038096621633,
  "t-11_rsi_m60": 0.0015472668455913663,
  "t-0_rsi_m60": 0.001532772439531982,
  "t-12_bb_pos_m60": 0.001530467183329165,
  "t-13_bb_pos_m60": 0.0014816198963671923,
  "t-63_rsi_m60": 0.001291083637624979,
  "t-2_bb_pos_m15": 0.0012813627254217863,
  "t-0_stoch_k_m5": 0.0012620604829862714,
  "t-21_bb_pos_m60": 0.0012494975235313177,
  "t-1_bb_pos_m15": 0.0012428093468770385,
  "t-60_rsi_m60": 0.001237203017808497,
  "t-55_dist_sma_200_m15": 0.00123606959823519,
  "t-1_dist_sma_200_m5": 0.001222030958160758,
  "t-46_rsi_m60": 0.001213418203406036,
  "t-62_sma_200": 0.0011971091153100133,
  "t-39_sma_200": 0.001178929815068841,
  "t-12_rsi_m60": 0.0011554054217413068,
  "t-22_bb_pos_m60": 0.0011241063475608826
}