{
  "t-10_bb_pos_m60": 0.005906390026211739,
  "t-9_bb_pos_m60": 0.005464334972202778,
  "t-8_bb_pos_m60": 0.004506523255258799,
  "t-0_bb_pos_m60": 0.004353964235633612,
  "t-1_bb_pos_m60": 0.004127697553485632,
  "t-7_bb_pos_m60": 0.0034799724817276,
  "t-11_bb_pos_m60": 0.003328249091282487,
  "t-0_dist_sma_200_m5": 0.002633460098877549,
  "t-2_dist_sma_20_m15": 0.002605937886983156,
  "t-0_dist_sma_200": 0.0025613876059651375,
  "t-2_cvd_m15": 0.002405824139714241,
  "t-12_bb_pos_m60": 0.0023652741219848394,
  "t-11_cvd_m60": 0.002351236529648304,
  "t-11_rsi_m60": 0.002334470394998789,
  "t-10_rsi_m60": 0.0020751215051859617,
  "t-0_stoch_k_m5": 0.0019485530210658908,
  "t-0_rsi_m60": 0.0017614401876926422,
  "t-3_bb_pos_m60": 0.0015874584205448627,
  "t-38_sma_200": 0.001547852996736765,
  "t-2_bb_pos_m15": 0.0015473540406674147,
  "t-1_cvd_m15": 0.0015183358918875456,
  "t-16_bb_pos_m60": 0.0014853023458272219,
  "t-1_bb_pos_m15": 0.001478697988204658,
  "t-24_bb_pos_m60": 0.001477569923736155,
  "t-19_cvd_m60": 0.001457619364373386,
  "t-17_bb_pos_m60": 0.001449520350433886,
  "t-18_bb_pos_m60": 0.0014458306832239032,
  "t-10_cvd_m60": 0.0014256263384595513,
  "t-15_bb_pos_m60": 0.001422481844201684,
  "t-0_dist_sma_20_m5": 0.0014204684412106872
}