{
  "t-9_bb_pos_m60": 0.004971479531377554,
  "t-10_bb_pos_m60": 0.004630669020116329,
  "t-11_bb_pos_m60": 0.004158724565058947,
  "t-1_bb_pos_m60": 0.0040525104850530624,
  "t-8_bb_pos_m60": 0.003974165301769972,
  "t-0_bb_pos_m60": 0.003901410847902298,
  "t-0_dist_sma_200_m5": 0.0024882424622774124,
  "t-2_cvd_m15": 0.0024104968179017305,
  "t-0_dist_sma_200": 0.002218603854998946,
  "t-12_bb_pos_m60": 0.002169805346056819,
  "t-7_bb_pos_m60": 0.0020252554677426815,
  "t-0_rsi_m60": 0.001972763566300273,
  "t-2_dist_sma_20_m15": 0.0019081858918070793,
  "t-11_cvd_m60": 0.0018355557695031166,
  "t-20_sma_200": 0.0017810594290494919,
  "t-0_stoch_k_m5": 0.0017064118292182684,
  "t-6_bb_pos_m60": 0.0016867100493982434,
  "t-18_bb_pos_m60": 0.0015659381169825792,
  "t-12_cvd_m60": 0.0015604451764374971,
  "t-22_bb_pos_m60": 0.001558911637403071,
  "t-2_bb_pos_m15": 0.001547891297377646,
  "t-1_bb_pos_m15": 0.0015288230497390032,
  "t-3_bb_pos_m60": 0.0015249461866915226,
  "t-3_dist_sma_20_m15": 0.0014828791609033942,
  "t-11_rsi_m60": 0.0014608952915295959,
  "t-16_bb_pos_m60": 0.001441180589608848,
  "t-13_cvd_m60": 0.001421915483660996,
  "t-7_rsi_m60": 0.0013923610094934702,
  "t-24_bb_pos_m60": 0.0013893330469727516,
  "t-17_dist_sma_20_m15": 0.0013729054480791092
}