{
  "scaler_n_features_in": 1680,
  "perbar_columns": [
    "rsi_m5",
    "bb_pos_m5",
    "dist_sma_20_m5",
    "stoch_k_m5",
    "stoch_d_m5",
    "macd_hist_m5",
    "atr_norm_m5",
    "atr_m5",
    "adx",
    "sma_200",
    "cvd_m5",
    "dist_sma_200_m5",
    "dist_sma_200_m15",
    "dist_sma_200",
    "ret_1_m5",
    "obv_m5",
    "mfi_m5",
    "volume_m5_norm",
    "rsi_m15",
    "bb_pos_m15",
    "dist_sma_20_m15",
    "cvd_m15",
    "obv_m15",
    "volume_m15_norm",
    "rsi_m60",
    "bb_pos_m60",
    "cvd_m60",
    "obv_m60"
  ],
  "n_perbar_columns": 28,
  "window_size": 60,
  "expected_flattened_features": 1680,
  "perbar_stats": {
    "rsi_m5": {
      "mean_backtest": 50.50595409400633,
      "std_backtest": 16.064449070498938,
      "pctile_1": 14.573112676850158,
      "pctile_50": 50.441020273078514,
      "pctile_99": 86.49520078908742
    },
    "bb_pos_m5": {
      "mean_backtest": 0.5076365202481612,
      "std_backtest": 0.32302474834434297,
      "pctile_1": -0.16510402626787374,
      "pctile_50": 0.5126171762503561,
      "pctile_99": 1.168736569214285
    },
    "dist_sma_20_m5": {
      "mean_backtest": 0.05152450953899194,
      "std_backtest": 1.5552410537764152,
      "pctile_1": -3.5737135540020457,
      "pctile_50": 0.04333791340616601,
      "pctile_99": 3.699569372307485
    },
    "stoch_k_m5": {
      "mean_backtest": 51.27627537558239,
      "std_backtest": 29.434194897913876,
      "pctile_1": 0.8039790484402461,
      "pctile_50": 51.68437113611719,
      "pctile_99": 99.418047415243
    },
    "stoch_d_m5": {
      "mean_backtest": 51.27637068633814,
      "std_backtest": 27.255498944154574,
      "pctile_1": 4.687753038554918,
      "pctile_50": 51.69857244629363,
      "pctile_99": 96.06146806590203
    },
    "macd_hist_m5": {
      "mean_backtest": -0.0010397146449416998,
      "std_backtest": 0.2364185715483641,
      "pctile_1": -0.5085067010001908,
      "pctile_50": -0.0010839206307526994,
      "pctile_99": 0.5169787053047886
    },
    "atr_norm_m5": {
      "mean_backtest": 1.00903896250875,
      "std_backtest": 0.19195367060867805,
      "pctile_1": 0.6635680030148551,
      "pctile_50": 0.9837115082792939,
      "pctile_99": 1.5744541706786546
    },
    "atr_m5": {
      "mean_backtest": 1.5250208777433434,
      "std_backtest": 1.2992925154096997,
      "pctile_1": 0.3749827357700893,
      "pctile_50": 1.1814313616071428,
      "pctile_99": 6.401470772879463
    },
    "adx": {
      "mean_backtest": 34.58926927857483,
      "std_backtest": 15.77617405892404,
      "pctile_1": 10.059842240570184,
      "pctile_50": 31.87640721115095,
      "pctile_99": 78.90649574016034
    },
    "sma_200": {
      "mean_backtest": 2090.705198237934,
      "std_backtest": 521.8093444472452,
      "pctile_1": 1649.1355300170899,
      "pctile_50": 1916.559453125,
      "pctile_99": 4134.131441650391
    },
    "cvd_m5": {
      "mean_backtest": 0.05630608221862786,
      "std_backtest": 1.409963697753829,
      "pctile_1": -3.108094347363873,
      "pctile_50": 0.08850193788809924,
      "pctile_99": 3.1688566459298557
    },
    "dist_sma_200_m5": {
      "mean_backtest": 0.5350787160471363,
      "std_backtest": 8.212387398744346,
      "pctile_1": -17.261867181677083,
      "pctile_50": 0.3602505716137009,
      "pctile_99": 18.764723035615788
    },
    "dist_sma_200_m15": {
      "mean_backtest": 0.744975863496284,
      "std_backtest": 8.514227253206538,
      "pctile_1": -16.53125157276743,
      "pctile_50": 0.5190028715010176,
      "pctile_99": 18.051189164987992
    },
    "dist_sma_200": {
      "mean_backtest": 0.5350787160471363,
      "std_backtest": 8.212387398744346,
      "pctile_1": -17.261867181677083,
      "pctile_50": 0.3602505716137009,
      "pctile_99": 18.764723035615788
    },
    "ret_1_m5": {
      "mean_backtest": 2.9864208930541104e-06,
      "std_backtest": 0.0008678884540572121,
      "pctile_1": -0.0015592563152313232,
      "pctile_50": 4.0531158447265625e-06,
      "pctile_99": 0.0015050101280212336
    },
    "obv_m5": {
      "mean_backtest": 0.06001804720059135,
      "std_backtest": 1.4092606657660065,
      "pctile_1": -3.1181040247311165,
      "pctile_50": 0.09462919683214813,
      "pctile_99": 3.1302608503700298
    },
    "mfi_m5": {
      "mean_backtest": 0.0,
      "std_backtest": 0.0,
      "pctile_1": 0.0,
      "pctile_50": 0.0,
      "pctile_99": 0.0
    },
    "volume_m5_norm": {
      "mean_backtest": 1.0265456813331801,
      "std_backtest": 0.4388646876669696,
      "pctile_1": 0.30053360034038507,
      "pctile_50": 0.9570957095677984,
      "pctile_99": 2.5765283711795934
    },
    "rsi_m15": {
      "mean_backtest": 50.77436791150111,
      "std_backtest": 16.436343908814866,
      "pctile_1": 14.521831613441023,
      "pctile_50": 50.61535931119804,
      "pctile_99": 86.84948264437536
    },
    "bb_pos_m15": {
      "mean_backtest": 0.5106586437413181,
      "std_backtest": 0.32844618073651716,
      "pctile_1": -0.19563495844732834,
      "pctile_50": 0.5179842230380435,
      "pctile_99": 1.2019478655621585
    },
    "dist_sma_20_m15": {
      "mean_backtest": 0.07626006913954815,
      "std_backtest": 1.5542846353585758,
      "pctile_1": -3.591657274918241,
      "pctile_50": 0.06046752906981299,
      "pctile_99": 3.727030556095962
    },
    "cvd_m15": {
      "mean_backtest": 0.07700839872918787,
      "std_backtest": 1.4344819013376493,
      "pctile_1": -3.1908595281538377,
      "pctile_50": 0.12585028058629513,
      "pctile_99": 3.222874125003774
    },
    "obv_m15": {
      "mean_backtest": 0.0513252828573319,
      "std_backtest": 1.4311173413595215,
      "pctile_1": -3.1700011756034447,
      "pctile_50": 0.06803027533914259,
      "pctile_99": 3.18513059044445
    },
    "volume_m15_norm": {
      "mean_backtest": 1.0527013934945118,
      "std_backtest": 0.5686277162285885,
      "pctile_1": 0.19661488523060672,
      "pctile_50": 0.9659934582834778,
      "pctile_99": 2.853697749193593
    },
    "rsi_m60": {
      "mean_backtest": 51.20872322185479,
      "std_backtest": 17.621673996424864,
      "pctile_1": 12.73657929235371,
      "pctile_50": 51.1513559595401,
      "pctile_99": 88.71282937987428
    },
    "bb_pos_m60": {
      "mean_backtest": 0.5181056487641096,
      "std_backtest": 0.3306055374832945,
      "pctile_1": -0.20474108948724717,
      "pctile_50": 0.5324714347170477,
      "pctile_99": 1.2223158572670947
    },
    "cvd_m60": {
      "mean_backtest": 0.09678753475720683,
      "std_backtest": 1.4015987746576468,
      "pctile_1": -2.907221561163225,
      "pctile_50": 0.16678757005534772,
      "pctile_99": 3.0326782809502837
    },
    "obv_m60": {
      "mean_backtest": 0.03899933508377044,
      "std_backtest": 1.385081932606036,
      "pctile_1": -2.8983721874305592,
      "pctile_50": 0.05593403663746381,
      "pctile_99": 2.865636531678315
    }
  },
  "comparisons": {
    "rsi_m5": {
      "ref_center": 53.527244567871094,
      "ref_scale": 22.431711196899414,
      "mean_backtest": 50.50595409400633,
      "std_backtest": 16.064449070498938,
      "z_shift": -0.13468836360029365
    },
    "bb_pos_m5": {
      "ref_center": 0.5945773720741272,
      "ref_scale": 0.5181380957365036,
      "mean_backtest": 0.5076365202481612,
      "std_backtest": 0.32302474834434297,
      "z_shift": -0.16779474920172502
    },
    "dist_sma_20_m5": {
      "ref_center": 0.3289305567741394,
      "ref_scale": 2.0746887624263763,
      "mean_backtest": 0.05152450953899194,
      "std_backtest": 1.5552410537764152,
      "z_shift": -0.13370971697495357
    },
    "stoch_k_m5": {
      "ref_center": 57.85049057006836,
      "ref_scale": 51.17658233642578,
      "mean_backtest": 51.27627537558239,
      "std_backtest": 29.434194897913876,
      "z_shift": -0.1284613957076744
    },
    "stoch_d_m5": {
      "ref_center": 57.69948959350586,
      "ref_scale": 48.212985038757324,