{
  "counts": {
    "total_tested": 50,
    "trend_filtered": 0,
    "weak_trend_filtered": 0,
    "overbought_filtered": 0,
    "pred1": 11,
    "prob_ge_threshold": 11
  },
  "mean_prob": 0.3056219158321619,
  "min_prob": 0.041119690984487534,
  "max_prob": 0.9186875820159912,
  "top_probs": [
    0.9186875820159912,
    0.8551287651062012,
    0.7867494225502014,
    0.776953935623169,
    0.7342690229415894,
    0.7095644474029541,
    0.6640336513519287,
    0.6457310914993286,
    0.593891978263855,
    0.5358284115791321,
    0.5266055464744568,
    0.512403666973114,
    0.5005828142166138,
    0.46551138162612915,
    0.4473809599876404,
    0.394417405128479,
    0.39273664355278015,
    0.3824720084667206,
    0.33724409341812134,
    0.334500789642334
  ]
}