{
  "t-0_rsi_m15": 0.032153379172086716,
  "t-2_bb_pos_m15": 0.014732646755874157,
  "t-1_bb_pos_m15": 0.010346394963562489,
  "t-0_dist_sma_20_m15": 0.007172546349465847,
  "t-0_bb_pos_m15": 0.00687711127102375,
  "t-1_dist_sma_20_m15": 0.00588820967823267,
  "t-60_rsi_m15": 0.0038508723955601454,
  "t-0_dist_sma_20_m5": 0.0037682789843529463,
  "t-0_rsi_m5": 0.0035183769650757313,
  "t-2_dist_sma_20_m15": 0.003444034606218338,
  "t-3_bb_pos_m15": 0.0033672626595944166,
  "t-31_bb_pos_m60": 0.003293749410659075,
  "t-1_dist_sma_20_m5": 0.003145582042634487,
  "t-0_bb_pos_m5": 0.0031347766052931547,
  "t-5_bb_pos_m15": 0.0030522567685693502,
  "t-56_bb_pos_m60": 0.0028186447452753782,
  "t-10_bb_pos_m15": 0.0024309298023581505,
  "t-10_rsi_m15": 0.0023387179244309664,
  "t-0_dist_sma_20": 0.002313887467607856,
  "t-5_rsi_m15": 0.0023121871054172516,
  "t-28_bb_pos_m60": 0.0022984526585787535,
  "t-2_bb_pos_m5": 0.0022876951843500137,
  "t-2_dist_sma_20_m5": 0.002283414825797081,
  "t-1_bb_pos_m60": 0.0021393548231571913,
  "t-4_bb_pos_m15": 0.002090960508212447,
  "t-3_dist_sma_20_m5": 0.0020139794796705246,
  "t-3_dist_sma_20_m15": 0.0019738185219466686,
  "t-1_bb_pos_m5": 0.0019192913314327598,
  "t-26_bb_pos_m60": 0.0018803339917212725,
  "t-10_rsi_m60": 0.001815356663428247
}