{
  "t-3_hour_sin": 0.006838467437773943,
  "t-6_price_position": 0.005474086385220289,
  "t-1_hour_sin": 0.005427884869277477,
  "t-5_hour_cos": 0.005361875053495169,
  "t-4_dist_daily_open": 0.0051035149954259396,
  "t-3_roc_60": 0.005062487442046404,
  "t-5_dist_prev_high": 0.004974111914634705,
  "t-2_dist_sma_200": 0.004759239498525858,
  "t-2_vol_ratio_60_200": 0.00461232103407383,
  "t-7_ema_spread_n": 0.004568521399050951,
  "t-7_dist_sma_200": 0.004400604870170355,
  "t-3_macd_line_n": 0.004283013287931681,
  "t-2_dist_day_high": 0.004233784042298794,
  "t-1_hour_cos": 0.004224012605845928,
  "t-4_dist_london_open": 0.004223016556352377,
  "t-1_dist_daily_open": 0.004222568590193987,
  "t-0_vol_ratio_60_200": 0.004202657379209995,
  "t-4_dist_day_high": 0.004201070871204138,
  "t-2_stoch_d": 0.0041489931754767895,
  "t-4_dist_sma_1440": 0.004145203158259392,
  "t-5_atr_n": 0.00413487059995532,
  "t-1_distance_from_ma": 0.004131950903683901,
  "t-5_dist_sma_200": 0.004090223461389542,
  "t-1_macd_line_n": 0.004080165643244982,
  "t-1_vol_ratio_60_200": 0.004067802801728249,
  "t-5_dist_london_open": 0.004051373340189457,
  "t-7_dist_london_open": 0.004043896682560444,
  "t-7_dist_prev_low": 0.004010556731373072,
  "t-3_dist_prev_close": 0.004000090062618256,
  "t-0_dist_prev_low": 0.003988195210695267
}