{
  "t-0_atr_m5_n": 0.009512712247669697,
  "t-10_macd_n_m5": 0.004732436500489712,
  "t-2_atr_m5_n": 0.004709197208285332,
  "t-1_atr_m5_n": 0.0035773201379925013,
  "t-5_macd_n_m5": 0.003392460523173213,
  "t-2_macd_n_m5": 0.003365594893693924,
  "t-3_atr_m5_n": 0.003362409071996808,
  "t-10_dist_prev_high": 0.002485777949914336,
  "t-7_hour_sin": 0.002453405875712633,
  "t-8_atr_m5_n": 0.0024437815882265568,
  "t-3_dist_prev_high": 0.0024235236924141645,
  "t-11_dist_sma_20_m5": 0.0023759750183671713,
  "t-10_atr_m5_n": 0.0023643088061362505,
  "t-11_macd_n_m5": 0.002355939941480756,
  "t-8_dist_prev_low": 0.0022380638401955366,
  "t-11_hour_cos": 0.0022216299548745155,
  "t-10_dist_day_low": 0.002169610233977437,
  "t-3_macd_n_m5": 0.0021680681966245174,
  "t-8_dist_sma_1440": 0.0021591917611658573,
  "t-11_atr_m5_n": 0.0021185344085097313,
  "t-12_roc_60": 0.0020860019139945507,
  "t-4_macd_n_m5": 0.0020763797219842672,
  "t-8_dist_prev_high": 0.0020675836130976677,
  "t-0_hour_cos": 0.0020673321560025215,
  "t-4_dist_prev_high": 0.002065739594399929,
  "t-8_dist_prev_close": 0.0020357759203761816,
  "t-0_dist_day_low": 0.00203445996157825,
  "t-9_dist_prev_high": 0.002029704162850976,
  "t-2_dist_prev_close": 0.0020245551131665707,
  "t-7_atr_m5_n": 0.002015681704506278
}