{
  "t-27_dist_day_low": 0.005385148338973522,
  "t-19_roc_20": 0.004491677042096853,
  "t-18_dist_day_low": 0.004104954656213522,
  "t-31_dist_day_low": 0.004027628805488348,
  "t-16_dist_day_low": 0.0038714101538062096,
  "t-48_dist_prev_low": 0.0038490723818540573,
  "t-59_macd_line_n": 0.0036640900652855635,
  "t-44_dist_prev_low": 0.003479435807093978,
  "t-1_dist_prev_low": 0.003454937832430005,
  "t-23_macd_line_n": 0.0034268684685230255,
  "t-24_cci": 0.0032648900523781776,
  "t-49_dist_day_high": 0.0030522732995450497,
  "t-45_vol_20": 0.002997006755322218,
  "t-34_macd_n_m5": 0.0029415853787213564,
  "t-22_bb_width": 0.0028202952817082405,
  "t-48_dist_sma_1440": 0.002803287236019969,
  "t-18_dist_prev_low": 0.002777843503281474,
  "t-49_bb_pos_m5": 0.0027358594816178083,
  "t-53_vol_ratio_5_20": 0.0027329798322170973,
  "t-14_range_n": 0.0027160451281815767,
  "t-17_adx": 0.002637303899973631,
  "t-0_dist_day_high": 0.0025119511410593987,
  "t-38_price_position": 0.002485155127942562,
  "t-2_dist_day_low": 0.002478164155036211,
  "t-24_macd_line_n": 0.002450634492561221,
  "t-32_dist_prev_high": 0.0024155927821993828,
  "t-13_vol_ratio_60_200": 0.002380455145612359,
  "t-6_dist_prev_low": 0.0023653176613152027,
  "t-39_vol_20": 0.002360108308494091,
  "t-0_roc_20": 0.002347886562347412
}