{
  "t-3_hour_cos": 0.009232718497514725,
  "t-2_hour_cos": 0.008563583716750145,
  "t-10_atr_m5_n": 0.006212824024260044,
  "t-0_hour_cos": 0.00570128345862031,
  "t-11_atr_m5_n": 0.00464795995503664,
  "t-5_atr_m5_n": 0.004542280454188585,
  "t-6_hour_sin": 0.004090914502739906,
  "t-12_hour_sin": 0.0037854863330721855,
  "t-0_hour_sin": 0.0034082920756191015,
  "t-5_hour_sin": 0.0031071961857378483,
  "t-4_hour_cos": 0.0029020369984209538,
  "t-12_atr_m5_n": 0.002890758216381073,
  "t-13_hour_sin": 0.0026758904568850994,
  "t-13_atr_m5_n": 0.002599674742668867,
  "t-7_hour_cos": 0.0025327710900455713,
  "t-6_atr_m5_n": 0.0024953531101346016,
  "t-11_hour_sin": 0.0024436162784695625,
  "t-12_hour_cos": 0.002345974324271083,
  "t-1_hour_cos": 0.002321183681488037,
  "t-7_hour_sin": 0.0021498033311218023,
  "t-0_atr_n": 0.002148748142644763,
  "t-11_hour_cos": 0.0021301396191120148,
  "t-9_vol_ratio_60_200": 0.0021091464441269636,
  "t-9_atr_m5_n": 0.002096113283187151,
  "t-5_macd_n_m5": 0.0020625097677111626,
  "t-8_hour_cos": 0.0020497420337051153,
  "t-1_bb_pos_m5": 0.0020446593407541513,
  "t-2_bb_pos_m5": 0.0018783825216814876,
  "t-9_dist_prev_high": 0.0018451788928359747,
  "t-8_hour_sin": 0.001821928541176021
}